id,src,startTime,answer,answerKeyword,,
1,1l33XN1b1tI,0,공부의신,,,
2,psmXvfRBLNo,0,추노,,,
3,fvkGkaFM5cc,2,시크릿가든,,,
4,5XaJzbl0Tyc,0,내여자친구는구미호,,,
5,Q5JDmQteh70,0,신사의품격,,,
6,iHNffcNffHQ,130,주군의태양,,,
7,qQSSmMwEKTU,80,너의목소리가들려,너목들,,
8,omH47UeVMu8,25,상속자들,,,
9,SL8uQT9QC6U,40,별에서온그대,별그대,,
10,HJeBjycrNYs,0,육룡이나르샤,,,
11,QL3DqXSelcs,0,거침없이하이킥,하이킥,,
12,39Yf0LcjyLA,15,역적:백성을훔친도둑,역적,,
13,LDmRzRFzhyw,15,해를품은달,해품달,,
14,8q5reaEX0tY,44,이번생은처음이라,,,
15,pcKR0LPwoYs,0,도깨비,,,
16,5uEVbzD_Ta4,90,미스터션샤인,,,
17,FFmdTU4Cpr8,0,사랑의불시착,,,
18,_niSIiVMEos,0,호텔델루나,델루나,,
19,v3_M3Z2mo3w,0,아내의유혹,,,
20,a9X_6IuijP0,0,뷰티인사이드,,,
21,lXi8y3g4PP4,36,돈꽃,,,
22,LcPN92043ds,28,또오해영,,,
23,m4_CYyAVvw4,0,제빵왕김탁구,,,
24,XZqoLX8Gq78,40,구르미그린달빛,구그달,,
25,oKjT6LEOPxo,0,아이리스,,,
26,9WIrARSe8BI,0,드림하이,드림하이1,,
27,TtkxqGzeW80,3,드림하이2,,,
28,XC9ympk5oRI,0,꽃보다남자,,,
29,OFHx9ga3n5A,7,각시탈,,,
30,M7kbOjD0R08,0,왕가네식구들,,,
31,SdHQkkRc-hc,0,태양의후예,태후,,
32,TXDyoTFsg8U,0,김과장,,,
33,y_8-ZFKGdEE,0,야인시대,,,
34,8O-lih_qC7E,0,불멸의이순신,이순신,,
35,VDCJAuOLu8M,0,쾌도홍길동,홍길동,,
36,I9v35zgOkZU,71,선덕여왕,,,
37,XbtFndhXrB8,40,검사프린세스,,,
38,Kb3TaZoDjNc,45,명성황후,,,
39,Yy4vCpYfy9E,147,태왕사신기,,,
40,H6qGIjPP3ks,0,주몽,,,
41,eMEAzgdUelQ,0,겨울연가,,,
42,g8oRKbYrZ6Q,18,슬기로운의사생활,,,
,,,,,,
,,,,,,